"","date","Dog_name","Weight","std"
"1",2018-08-12,"raisin",19.75,NA
"2",2018-08-12,"simone",10.875,NA
"3",2018-08-12,"gagne",10.625,NA
"4",2018-08-19,"raisin",20.1875,20.9875
"5",2018-08-19,"simone",11.125,20.9875
"6",2018-08-19,"gagne",10.75,20.9875
"7",2018-08-22,"raisin",20.25,20.975
"8",2018-08-22,"simone",11.25,20.975
"9",2018-08-22,"gagne",10.8125,20.975
"10",2018-08-24,"raisin",19.8125,20.975
"11",2018-08-24,"simone",11.25,20.975
"12",2018-08-24,"gagne",11.0625,20.975
"13",2018-08-27,"raisin",19.375,20.975
"14",2018-08-27,"simone",10.5,20.975
"15",2018-08-27,"gagne",10.375,20.975
"16",2018-08-29,"raisin",19.375,20.975
"17",2018-08-29,"simone",11,20.975
"18",2018-08-29,"gagne",11.0625,20.975
"19",2018-08-31,"raisin",19.5625,20.975
"20",2018-08-31,"simone",11,20.975
"21",2018-08-31,"gagne",10.75,20.975
"22",2018-09-02,"raisin",19.625,20.975
"23",2018-09-02,"simone",10.8125,20.975
"24",2018-09-02,"gagne",10.625,20.975
"25",2018-09-03,"raisin",19.5,20.975
"26",2018-09-03,"simone",10.9375,20.975
"27",2018-09-03,"gagne",10.8125,20.975
"28",2018-09-04,"raisin",19.5625,20.975
"29",2018-09-04,"simone",11,20.975
"30",2018-09-04,"gagne",10.9375,20.975
"31",2018-09-05,"raisin",19.5,20.975
"32",2018-09-05,"simone",11.125,20.975
"33",2018-09-05,"gagne",11,20.975
"34",2018-09-06,"raisin",19.4375,20.975
"35",2018-09-06,"simone",11,20.975
"36",2018-09-06,"gagne",10.6875,20.975
"37",2018-09-07,"raisin",19.375,20.975
"38",2018-09-07,"simone",11.0625,20.975
"39",2018-09-07,"gagne",11.125,20.975
"40",2018-09-08,"raisin",19.4375,20.975
"41",2018-09-08,"simone",11.25,20.975
"42",2018-09-08,"gagne",10.9375,20.975
"43",2018-09-09,"raisin",19.5,20.975
"44",2018-09-09,"simone",11.125,20.975
"45",2018-09-09,"gagne",10.8125,20.975
"46",2018-09-10,"raisin",19.4375,20.975
"47",2018-09-10,"simone",11.125,20.975
"48",2018-09-10,"gagne",10.8125,20.975
"49",2018-09-11,"raisin",19.5,20.975
"50",2018-09-11,"simone",10.9375,20.975
"51",2018-09-11,"gagne",11,20.975
"52",2018-09-12,"raisin",19.5,20.975
"53",2018-09-12,"simone",11.0625,20.975
"54",2018-09-12,"gagne",11,20.975
"55",2018-09-13,"raisin",19.4375,20.975
"56",2018-09-13,"simone",11.1875,20.975
"57",2018-09-13,"gagne",11,20.975
"58",2018-09-14,"raisin",19.625,20.975
"59",2018-09-14,"simone",11.0625,20.975
"60",2018-09-14,"gagne",11.0625,20.975
"61",2018-09-15,"raisin",19.5,20.975
"62",2018-09-16,"raisin",19.5625,20.975
"63",2018-09-16,"simone",11,20.975
"64",2018-09-16,"gagne",11.0625,20.975
"65",2018-10-01,"raisin",19,NA
"66",2018-10-01,"simone",10.25,NA
"67",2018-10-01,"gagne",10.25,NA
"68",2018-10-02,"raisin",19.375,20.975
"69",2018-10-02,"simone",11,20.975
"70",2018-10-02,"gagne",10.75,20.975
"71",2018-10-03,"raisin",19,20.975
"72",2018-10-03,"simone",10.625,20.975
"73",2018-10-03,"gagne",10.1875,20.975
"74",2018-10-04,"raisin",18.9375,20.975
"75",2018-10-04,"simone",10.5625,20.975
"76",2018-10-04,"gagne",10.25,20.975
"77",2018-10-09,"raisin",19.625,20.975
"78",2018-10-09,"simone",10.625,20.975
"79",2018-10-09,"gagne",10.6875,20.975
"80",2018-10-10,"raisin",19.125,20.975
"81",2018-10-10,"simone",10.6875,20.975
"82",2018-10-10,"gagne",10.6875,20.975
"83",2018-10-11,"raisin",19.125,20.975
"84",2018-10-11,"simone",10.6875,20.975
"85",2018-10-11,"gagne",10.5625,20.975
"86",2018-10-12,"raisin",19.0625,20.975
"87",2018-10-12,"simone",10.625,20.975
"88",2018-10-12,"gagne",10.6875,20.975
"89",2018-10-13,"raisin",19.3125,20.975
"90",2018-10-13,"simone",10.5625,20.975
"91",2018-10-13,"gagne",10.6875,20.975
"92",2018-10-14,"raisin",19.0625,20.975
"93",2018-10-14,"simone",10.5625,20.975
"94",2018-10-14,"gagne",10.6875,20.975
"95",2018-10-15,"raisin",19.25,NA
"96",2018-10-16,"raisin",18.8125,20.975
"97",2018-10-16,"simone",10.6875,20.975
"98",2018-10-16,"gagne",10.6875,20.975
"99",2018-10-17,"raisin",18.9375,20.975
"100",2018-10-17,"simone",10.8125,20.975
"101",2018-10-17,"gagne",10.8125,20.975
"102",2018-10-18,"raisin",18.875,20.975
"103",2018-10-18,"simone",10.75,20.975
"104",2018-10-18,"gagne",10.8125,20.975
"105",2018-10-22,"raisin",18.625,NA
"106",2018-10-22,"simone",10.25,NA
"107",2018-10-22,"gagne",10.3125,NA
"108",2018-10-23,"raisin",18.5,20.975
"109",2018-10-23,"simone",10.5,20.975
"110",2018-10-23,"gagne",10.5,20.975
"111",2018-10-24,"raisin",18.4375,20.975
"112",2018-10-24,"simone",10.75,20.975
"113",2018-10-24,"gagne",10.5625,20.975
"114",2018-10-25,"raisin",18.4375,NA
"115",2018-10-25,"simone",10.5,NA
"116",2018-10-25,"gagne",10.5625,NA
"117",2018-10-26,"raisin",18.5,NA
"118",2018-10-26,"simone",10.5,NA
"119",2018-10-26,"gagne",10.6875,NA
"120",2018-10-27,"raisin",18.625,NA
"121",2018-10-27,"simone",10.5625,NA
"122",2018-10-27,"gagne",10.75,NA
"123",2018-10-28,"raisin",18.375,NA
"124",2018-10-28,"simone",10.5625,NA
"125",2018-10-28,"gagne",10.75,NA
"126",2018-10-29,"raisin",18.5625,NA
"127",2018-10-29,"simone",10.5,NA
"128",2018-10-29,"gagne",10.625,NA
"129",2018-10-30,"raisin",18.5,NA
"130",2018-10-30,"simone",10.5625,NA
"131",2018-10-30,"gagne",10.625,NA
"132",2018-10-31,"raisin",18.4375,20.975
"133",2018-10-31,"simone",10.625,20.975
"134",2018-10-31,"gagne",10.75,20.975
"135",2018-11-01,"raisin",18.4375,NA
"136",2018-11-01,"simone",10.5,NA
"137",2018-11-01,"gagne",10.6875,NA
"138",2018-11-02,"raisin",18.375,NA
"139",2018-11-02,"simone",10.375,NA
"140",2018-11-02,"gagne",10.5625,NA
"141",2018-11-04,"raisin",18.6875,NA
"142",2018-11-04,"simone",10.6875,NA
"143",2018-11-04,"gagne",10.8125,NA
"144",2018-11-05,"raisin",18.4375,NA
"145",2018-11-05,"simone",10.5,NA
"146",2018-11-05,"gagne",10.6875,NA
"147",2018-11-06,"raisin",18.4375,20.975
"148",2018-11-06,"simone",10.5,20.975
"149",2018-11-06,"gagne",10.75,20.975
"150",2018-11-18,"raisin",19.4375,NA
"151",2018-11-19,"raisin",19,NA
"152",2018-11-19,"simone",10.4375,NA
"153",2018-11-19,"gagne",10.875,NA
"154",2018-11-20,"raisin",18.5625,NA
"155",2018-11-20,"simone",10.4375,NA
"156",2018-11-20,"gagne",10.5625,NA
"157",2018-11-21,"raisin",18.4375,NA
"158",2018-11-21,"simone",10.5,NA
"159",2018-11-21,"gagne",10.6875,NA
"160",2018-11-22,"raisin",18.5,NA
"161",2018-11-22,"simone",10.3125,NA
"162",2018-11-22,"gagne",10.6875,NA
"163",2018-11-23,"raisin",18.4375,NA
"164",2018-11-23,"simone",10.25,NA
"165",2018-11-23,"gagne",10.5,NA
"166",2018-11-29,"raisin",18.3125,NA
"167",2018-11-29,"simone",10.5,NA
"168",2018-11-29,"gagne",10.625,NA
"169",2018-12-01,"raisin",18.25,NA
"170",2018-12-01,"simone",10.375,NA
"171",2018-12-01,"gagne",10.4375,NA
"172",2018-12-04,"raisin",18.4375,NA
"173",2018-12-04,"simone",10.375,NA
"174",2018-12-04,"gagne",10.625,NA
"175",2018-12-05,"raisin",18.25,NA
"176",2018-12-05,"simone",10.4375,NA
"177",2018-12-05,"gagne",10.75,NA
"178",2018-12-06,"raisin",18.1875,NA
"179",2018-12-06,"simone",10.5,NA
"180",2018-12-06,"gagne",10.6875,NA
"181",2018-12-08,"raisin",18.25,NA
"182",2018-12-08,"simone",10.6875,NA
"183",2018-12-08,"gagne",10.875,NA
"184",2018-12-09,"raisin",18.1875,NA
"185",2018-12-09,"simone",10.5,NA
"186",2018-12-09,"gagne",10.8125,NA
"187",2018-12-10,"raisin",18.125,NA
"188",2018-12-11,"raisin",18.25,NA
"189",2018-12-11,"simone",10.625,NA
"190",2018-12-11,"gagne",10.875,NA
"191",2018-12-17,"raisin",17.9375,NA
"192",2018-12-17,"simone",10.125,NA
"193",2018-12-17,"gagne",10.375,NA
"194",2018-12-18,"raisin",17.875,NA
"195",2018-12-18,"simone",10.125,NA
"196",2018-12-18,"gagne",10.6875,NA
"197",2019-01-08,"raisin",17.9375,NA
"198",2019-01-08,"simone",10,NA
"199",2019-01-08,"gagne",10.3125,NA
"200",2019-01-10,"raisin",17.8125,NA
"201",2019-01-10,"simone",10.125,NA
"202",2019-01-10,"gagne",10.375,NA
"203",2019-01-14,"raisin",17.875,NA
"204",2019-01-14,"simone",9.9375,NA
"205",2019-01-14,"gagne",10.3125,NA
"206",2019-01-17,"raisin",17.8125,20.9625
"207",2019-01-17,"simone",10.375,20.9625
"208",2019-01-17,"gagne",10.375,20.9625
"209",2019-01-19,"raisin",17.75,NA
"210",2019-01-19,"simone",10.125,NA
"211",2019-01-19,"gagne",10.375,NA
"212",2019-01-26,"raisin",18,NA
"213",2019-01-26,"simone",10.625,NA
"214",2019-01-26,"gagne",10.5625,NA
"215",2019-01-27,"raisin",18.0625,NA
"216",2019-01-27,"simone",10.625,NA
"217",2019-01-27,"gagne",10.625,NA
"218",2019-01-28,"raisin",17.9375,NA
"219",2019-01-28,"simone",10.5,NA
"220",2019-01-28,"gagne",10.375,NA
"221",2019-02-04,"raisin",18.0625,NA
"222",2019-02-04,"simone",10.625,NA
"223",2019-02-04,"gagne",10.8125,NA
"224",2019-02-06,"raisin",18.0625,NA
"225",2019-02-06,"simone",10.875,NA
"226",2019-02-06,"gagne",10.875,NA
"227",2019-02-08,"raisin",18,NA
"228",2019-02-08,"simone",10.5625,NA
"229",2019-02-08,"gagne",10.6875,NA
"230",2019-02-10,"raisin",17.9375,NA
"231",2019-02-10,"simone",10.625,NA
"232",2019-02-10,"gagne",10.6875,NA
"233",2019-02-13,"raisin",18.0625,NA
"234",2019-02-13,"simone",10.625,NA
"235",2019-02-13,"gagne",10.8125,NA
"236",2019-02-15,"raisin",17.875,NA
"237",2019-02-26,"raisin",17.8125,NA
"238",2019-02-26,"simone",10.375,NA
"239",2019-02-26,"gagne",10.4375,NA
"240",2019-02-28,"raisin",17.625,NA
"241",2019-02-28,"simone",10.25,NA
"242",2019-02-28,"gagne",10.3125,NA
"243",2019-03-03,"raisin",17.4375,NA
"244",2019-03-03,"simone",10.3125,NA
"245",2019-03-03,"gagne",10.1875,NA
"246",2019-03-05,"raisin",17.5625,NA
"247",2019-03-05,"simone",10.4375,NA
"248",2019-03-05,"gagne",10.5,NA
"249",2019-03-19,"raisin",18.0625,NA
"250",2019-03-19,"simone",9.9375,NA
"251",2019-03-19,"gagne",9.875,NA
"252",2019-03-21,"raisin",18.0625,NA
"253",2019-03-21,"simone",10.125,NA
"254",2019-03-21,"gagne",10.0625,NA
"255",2019-03-23,"raisin",17.9375,NA
"256",2019-03-23,"simone",10.0625,NA
"257",2019-03-23,"gagne",10.0625,NA
"258",2019-03-25,"raisin",17.9375,NA
"259",2019-03-25,"simone",10.0625,NA
"260",2019-03-25,"gagne",10.0625,NA
"261",2019-03-31,"raisin",17.8125,NA
"262",2019-03-31,"simone",10.4375,NA
"263",2019-03-31,"gagne",10.375,NA
"264",2019-04-05,"raisin",17.8125,NA
"265",2019-04-05,"simone",10.25,NA
"266",2019-04-05,"gagne",10.4375,NA
"267",2019-04-07,"raisin",17.875,NA
"268",2019-04-07,"simone",10.25,NA
"269",2019-04-07,"gagne",10.4375,NA
"270",2019-04-09,"raisin",17.9375,NA
"271",2019-04-09,"simone",10.375,NA
"272",2019-04-09,"gagne",10.4375,NA
"273",2019-04-11,"raisin",17.9375,NA
"274",2019-04-11,"simone",10.375,NA
"275",2019-04-11,"gagne",10.375,NA
"276",2019-04-15,"raisin",17.625,NA
"277",2019-04-15,"simone",9.9375,NA
"278",2019-04-15,"gagne",9.9375,NA
"279",2019-04-21,"raisin",17.625,NA
"280",2019-04-21,"simone",10.3125,NA
"281",2019-04-21,"gagne",10.125,NA
"282",2019-04-24,"raisin",17.6875,NA
"283",2019-04-24,"simone",10.375,NA
"284",2019-04-24,"gagne",10.1875,NA
"285",2019-04-30,"raisin",17.5625,NA
"286",2019-04-30,"simone",10.0625,NA
"287",2019-04-30,"gagne",9.8125,NA
"288",2019-05-03,"raisin",17.5,NA
"289",2019-05-03,"simone",10.3125,NA
"290",2019-05-03,"gagne",10.0625,NA
"291",2019-05-06,"raisin",17.5625,NA
"292",2019-05-06,"simone",10.0625,NA
"293",2019-05-06,"gagne",10.0625,NA
"294",2019-05-10,"raisin",17.25,NA
"295",2019-05-10,"simone",10.1875,NA
"296",2019-05-10,"gagne",10.125,NA
"297",2019-05-17,"raisin",17.5,NA
"298",2019-05-17,"simone",10.25,NA
"299",2019-05-17,"gagne",10.0625,NA
"300",2019-05-31,"raisin",17.25,NA
"301",2019-05-31,"simone",9.875,NA
"302",2019-05-31,"gagne",9.5,NA
"303",2019-06-08,"raisin",18.0625,NA
"304",2019-06-08,"simone",10.4375,NA
"305",2019-06-08,"gagne",9.875,NA
"306",2019-06-12,"raisin",17.6875,NA
"307",2019-06-12,"simone",10.3125,NA
"308",2019-06-12,"gagne",9.5625,NA
"309",2019-06-15,"raisin",17.75,NA
"310",2019-06-15,"simone",10.25,NA
"311",2019-06-15,"gagne",9.5,NA
"312",2019-06-21,"raisin",18.25,NA
"313",2019-06-21,"simone",10.5625,NA
"314",2019-06-21,"gagne",9.5625,NA
"315",2019-07-03,"raisin",18,NA
"316",2019-07-03,"simone",10,NA
"317",2019-07-03,"gagne",9.3125,NA
"318",2019-07-08,"raisin",18.0625,NA
"319",2019-07-08,"simone",10.6875,NA
"320",2019-07-08,"gagne",9.375,NA
"321",2019-07-16,"raisin",18.375,NA
"322",2019-07-16,"simone",10.4375,NA
"323",2019-07-16,"gagne",8.9375,NA
"324",2019-07-19,"raisin",18.125,NA
"325",2019-07-19,"simone",10.375,NA
"326",2019-07-19,"gagne",9,NA
"327",2019-07-23,"raisin",18.1875,NA
"328",2019-07-23,"simone",10.25,NA
"329",2019-07-23,"gagne",8.75,NA
"330",2019-07-26,"raisin",18.1875,NA
"331",2019-07-26,"simone",10.25,NA
"332",2019-07-26,"gagne",9,NA
"333",2019-07-30,"raisin",18.125,NA
"334",2019-07-30,"simone",10.25,NA
"335",2019-07-30,"gagne",8.75,NA
"336",2019-08-04,"raisin",18.1875,NA
"337",2019-08-04,"simone",10.375,NA
"338",2019-08-04,"gagne",8.6875,NA
"339",2019-08-06,"raisin",18.1875,NA
"340",2019-08-06,"simone",10.4375,NA
"341",2019-08-06,"gagne",8.8125,NA
"342",2019-08-10,"raisin",17.9375,NA
"343",2019-08-10,"simone",10.1875,NA
"344",2019-08-10,"gagne",8.75,NA
"345",2019-08-14,"raisin",7.9375,NA
"346",2019-08-14,"simone",10.4375,NA
"347",2019-08-14,"gagne",8.875,NA
"348",2019-08-18,"raisin",18,NA
"349",2019-08-18,"simone",10.25,NA
"350",2019-08-18,"gagne",8.6875,NA
"351",2019-08-22,"raisin",17.875,NA
"352",2019-08-22,"simone",10.375,NA
"353",2019-08-22,"gagne",8.5625,NA
"354",2019-08-25,"raisin",17.9375,NA
"355",2019-08-25,"simone",10.3125,NA
"356",2019-08-25,"gagne",8.375,NA
"357",2019-08-28,"raisin",17.8125,NA
"358",2019-08-28,"simone",10.3125,NA
"359",2019-08-28,"gagne",8.125,NA
"360",2019-09-03,"raisin",17.875,NA
"361",2019-09-03,"simone",9.875,NA
"362",2019-09-06,"raisin",17.4375,NA
"363",2019-09-06,"simone",10.125,NA
"364",2019-09-06,"gagne",8,NA
"365",2019-09-22,"raisin",17.875,NA
"366",2019-09-22,"simone",9.9375,NA
"367",2019-09-25,"raisin",17.625,NA
"368",2019-09-25,"simone",10.1875,NA
"369",2019-10-02,"raisin",17.5625,NA
"370",2019-10-02,"simone",10.25,NA
"371",2019-10-07,"raisin",17.5,NA
"372",2019-10-07,"simone",10.0625,NA
"373",2019-10-11,"raisin",17.375,NA
"374",2019-10-11,"simone",10.25,NA
"375",2019-10-15,"raisin",17.5625,NA
"376",2019-10-15,"simone",10.3125,NA
"377",2019-10-19,"raisin",17.6875,NA
"378",2019-10-19,"simone",10.1875,NA
"379",2019-10-22,"raisin",17.6875,NA
"380",2019-10-22,"simone",10.3125,NA
"381",2019-11-04,"raisin",17.125,NA
"382",2019-11-04,"simone",9.125,NA
"383",2019-11-06,"raisin",17.375,NA
"384",2019-11-06,"simone",9.625,NA
"385",2019-11-10,"raisin",17.5625,NA
"386",2019-11-10,"simone",10,NA
"387",2019-11-17,"raisin",17.3125,NA
"388",2019-11-17,"simone",9.75,NA
"389",2019-11-24,"raisin",17.625,NA
"390",2019-11-24,"simone",9.875,NA
"391",2019-11-30,"raisin",17.375,NA
"392",2019-11-30,"simone",9.75,NA
"393",2019-12-07,"raisin",17.5,NA
"394",2019-12-07,"simone",9.875,NA
"395",2019-12-12,"raisin",17.75,NA
"396",2019-12-12,"simone",10,NA
"397",2019-12-15,"raisin",17.875,NA
"398",2019-12-15,"simone",10,NA
"399",2019-12-19,"raisin",17.8125,NA
"400",2019-12-19,"simone",9.875,NA
"401",2019-12-30,"raisin",17.8125,NA
"402",2019-12-30,"simone",9.875,NA
"403",2020-01-11,"raisin",17.5625,NA
"404",2020-01-11,"simone",9.625,NA
"405",2020-01-13,"raisin",17.625,NA
"406",2020-01-13,"simone",9.5625,NA
"407",2020-01-19,"raisin",17.9375,NA
"408",2020-01-19,"simone",9.6875,NA
"409",2020-01-22,"raisin",17.875,NA
"410",2020-01-22,"simone",9.8125,NA
"411",2020-01-29,"raisin",18,NA
"412",2020-01-29,"simone",9.9375,NA
"413",2020-02-03,"raisin",17.3125,NA
"414",2020-02-03,"simone",9.3125,NA
"415",2020-02-06,"raisin",17.375,NA
"416",2020-02-06,"simone",9.625,NA
"417",2020-02-13,"raisin",17.4375,NA
"418",2020-02-13,"simone",9.9375,NA
"419",2020-02-18,"raisin",17.25,NA
"420",2020-02-18,"simone",9.25,NA
"421",2020-02-25,"raisin",17.3125,NA
"422",2020-02-25,"simone",9.75,NA
"423",2020-03-04,"raisin",17.5,NA
"424",2020-03-04,"simone",10.0625,NA
"425",2020-03-10,"raisin",17.5,NA
"426",2020-03-10,"simone",10,NA
"427",2020-03-13,"raisin",17.5,NA
"428",2020-03-13,"simone",9.9375,NA
"429",2020-03-20,"raisin",17.625,NA
"430",2020-03-20,"simone",10.1875,NA
"431",2020-03-24,"raisin",17.5625,NA
"432",2020-03-24,"simone",10.0625,NA
"433",2020-03-30,"raisin",17.875,NA
"434",2020-03-30,"simone",10.0625,NA
"435",2020-04-03,"raisin",17.875,NA
"436",2020-04-03,"simone",10.0625,NA
"437",2020-04-06,"raisin",17.8125,NA
"438",2020-04-06,"simone",10.3125,NA
"439",2020-04-10,"raisin",17.8125,NA
"440",2020-04-10,"simone",10.1875,NA
"441",2020-04-17,"raisin",17.9375,NA
"442",2020-04-17,"simone",10.5,NA
"443",2020-04-20,"raisin",17.9375,NA
"444",2020-04-20,"simone",10.5625,NA
"445",2020-04-26,"raisin",18.125,NA
"446",2020-04-26,"simone",10.375,NA
"447",2020-05-02,"raisin",18.3125,NA
"448",2020-05-02,"simone",10.375,NA
"449",2020-05-06,"raisin",18.1875,NA
"450",2020-05-06,"simone",10.4375,NA
"451",2020-05-12,"raisin",18.375,NA
"452",2020-05-12,"simone",10.375,NA
"453",2020-05-16,"raisin",18.375,NA
"454",2020-05-16,"simone",10.5,NA
"455",2020-05-20,"raisin",18.4375,NA
"456",2020-05-20,"simone",10.5625,NA
"457",2020-05-22,"raisin",18.5625,NA
"458",2020-05-22,"simone",10.8125,NA
"459",2020-05-23,"raisin",18.3125,NA
"460",2020-05-23,"simone",10.625,NA
"461",2020-05-30,"raisin",18.3125,NA
"462",2020-05-30,"simone",10.5,NA
"463",2020-06-04,"raisin",18.3125,NA
"464",2020-06-04,"simone",10.25,NA
"465",2020-06-09,"raisin",18.4375,20.975
"466",2020-06-09,"simone",10.5,20.975
"467",2020-06-10,"raisin",18.1875,NA
"468",2020-06-10,"simone",10.375,NA
"469",2020-06-13,"raisin",18.125,NA
"470",2020-06-13,"simone",10.5625,NA
"471",2020-06-16,"raisin",18.4375,NA
"472",2020-06-16,"simone",10.4375,NA
"473",2020-06-18,"raisin",18.5,NA
"474",2020-06-18,"simone",10.4375,NA
"475",2020-06-21,"raisin",18.1875,NA
"476",2020-06-21,"simone",10.4375,NA
"477",2020-06-23,"raisin",18.3125,NA
"478",2020-06-23,"simone",10.5,NA
"479",2020-07-12,"raisin",18.5625,NA
"480",2020-07-12,"simone",10.5,NA
"481",2020-07-13,"raisin",18.375,NA
"482",2020-07-14,"raisin",18.375,NA
"483",2020-07-15,"raisin",18.5,NA
"484",2020-07-15,"simone",10.375,NA
"485",2020-07-17,"raisin",18.3125,NA
"486",2020-07-17,"simone",10.75,NA
"487",2020-07-18,"raisin",18.5625,NA
"488",2020-07-20,"raisin",18.625,NA
"489",2020-07-20,"simone",10.4375,NA
"490",2020-07-23,"raisin",18.625,NA
"491",2020-07-24,"raisin",18.5,NA
"492",2020-07-24,"simone",10.5625,NA
"493",2020-07-27,"raisin",18.5625,NA
"494",2020-07-27,"simone",10.5,NA
"495",2020-07-29,"raisin",18.375,NA
"496",2020-07-29,"simone",10.5,NA
"497",2020-07-31,"raisin",18.4375,NA
"498",2020-07-31,"simone",10.4375,NA
"499",2020-08-02,"raisin",18.5625,20.975
"500",2020-08-02,"simone",10.625,20.975
"501",2020-08-03,"raisin",18.4375,NA
"502",2020-08-03,"simone",10.5,NA
"503",2020-08-04,"raisin",18.5625,NA
"504",2020-08-04,"simone",10.4375,NA
"505",2020-08-06,"raisin",18.5,NA
"506",2020-08-06,"simone",10.5625,NA
"507",2020-08-07,"raisin",18.3125,NA
"508",2020-08-07,"simone",10.375,NA
"509",2020-09-01,"raisin",18.5625,NA
"510",2020-09-01,"simone",9.375,NA
"511",2020-09-07,"raisin",18.1875,NA
"512",2020-09-07,"simone",9.9375,NA
"513",2020-09-09,"raisin",18,NA
"514",2020-09-09,"simone",10.125,NA
"515",2020-09-14,"raisin",18.0625,NA
"516",2020-09-14,"simone",9.5,NA
"517",2020-09-15,"raisin",17.875,NA
"518",2020-09-15,"simone",10.1875,NA
"519",2020-09-16,"raisin",17.9375,NA
"520",2020-09-16,"simone",10.125,NA
"521",2020-09-18,"raisin",17.9375,NA
"522",2020-09-18,"simone",10.125,NA
"523",2020-09-19,"raisin",18,NA
"524",2020-09-19,"simone",10.1875,NA
"525",2020-09-21,"raisin",18.25,NA
"526",2020-09-21,"simone",10,NA
"527",2020-09-24,"raisin",17.8125,NA
"528",2020-09-24,"simone",10.25,NA
"529",2020-09-29,"raisin",17.9375,NA
"530",2020-09-29,"simone",10.25,NA
"531",2020-10-01,"raisin",17.75,NA
"532",2020-10-03,"raisin",17.875,NA
"533",2020-10-06,"raisin",17.75,NA
"534",2020-10-09,"raisin",17.75,NA
"535",2020-10-13,"raisin",18,NA
"536",2020-10-16,"raisin",17.625,NA
"537",2020-10-20,"raisin",17.625,NA
"538",2020-10-24,"raisin",17.6875,20.975
"539",2020-10-26,"raisin",17.5625,NA
"540",2020-10-29,"raisin",17.5,NA
"541",2020-11-02,"raisin",17.5,NA
"542",2020-11-03,"raisin",17.375,NA
"543",2020-11-06,"raisin",17,NA
"544",2020-11-10,"raisin",16.875,20.975
"545",2020-11-16,"raisin",16.875,NA
"546",2020-11-16,"simone",10.25,NA
"547",2020-11-18,"raisin",16.9375,NA
"548",2020-11-18,"simone",9.9375,NA
"549",2020-11-20,"raisin",16.875,NA
"550",2020-11-20,"simone",10,NA
"551",2020-11-24,"raisin",16.6875,NA
"552",2020-11-24,"simone",10.1875,NA
"553",2020-11-29,"raisin",16.625,NA
"554",2020-11-29,"simone",9.875,NA
"555",2020-12-01,"raisin",16.6875,NA
"556",2020-12-01,"simone",10,NA
"557",2020-12-03,"raisin",16.75,NA
"558",2020-12-03,"simone",9.8125,NA
"559",2020-12-05,"raisin",16.4375,20.975
"560",2020-12-05,"simone",9.9375,20.975
"561",2020-12-08,"raisin",16.5625,NA
"562",2020-12-08,"simone",10,NA
"563",2020-12-11,"simone",10.0625,NA
"564",2020-12-12,"raisin",16.5625,NA
"565",2020-12-12,"simone",9.8125,NA
"566",2020-12-16,"raisin",16.5,NA
"567",2020-12-16,"simone",10.125,NA
"568",2020-12-19,"raisin",16.5,NA
"569",2020-12-19,"simone",10,NA
"570",2021-01-20,"raisin",17.375,NA
"571",2021-01-20,"simone",9.6875,NA
"572",2021-01-22,"raisin",17.4375,NA
"573",2021-01-22,"simone",9.8125,NA
"574",2021-01-23,"raisin",17.3125,NA
"575",2021-01-23,"simone",10.0625,NA
"576",2021-01-26,"raisin",17.0625,NA
"577",2021-01-26,"simone",9.25,NA
"578",2021-01-28,"raisin",17.25,NA
"579",2021-01-28,"simone",9.1875,NA
"580",2021-01-31,"raisin",17.25,NA
"581",2021-01-31,"simone",9.1875,NA
"582",2021-02-02,"raisin",16.75,20.9625
"583",2021-02-02,"simone",8.6875,20.9625
"584",2021-02-04,"raisin",16.6875,NA
"585",2021-02-04,"simone",8.8125,NA
"586",2021-02-07,"raisin",16.9375,NA
"587",2021-02-07,"simone",9.375,NA
"588",2021-02-09,"raisin",16.75,NA
"589",2021-02-09,"simone",9.375,NA
"590",2021-02-11,"raisin",16.6875,NA
"591",2021-02-11,"simone",9.375,NA
"592",2021-02-13,"raisin",16.75,NA
"593",2021-02-13,"simone",9.5,NA
"594",2021-02-14,"raisin",16.8125,NA
"595",2021-02-14,"simone",9.5625,NA
"596",2021-02-18,"raisin",16.5625,NA
"597",2021-02-18,"simone",9.5,NA
"598",2021-02-20,"raisin",16.875,NA
"599",2021-02-20,"simone",9.375,NA
"600",2021-02-25,"raisin",16.875,NA
"601",2021-02-25,"simone",9.4375,NA
"602",2021-03-18,"raisin",17.375,NA
"603",2021-03-18,"simone",9.5,NA
"604",2021-03-20,"raisin",17.4375,NA
"605",2021-03-20,"simone",9.25,NA
"606",2021-03-22,"raisin",17.375,NA
"607",2021-03-22,"simone",9.5,NA
"608",2021-03-26,"raisin",17.0625,NA
"609",2021-03-26,"simone",9.4375,NA
"610",2021-03-27,"raisin",16.875,NA
"611",2021-03-27,"simone",9.4375,NA
"612",2021-03-30,"raisin",16.9375,NA
"613",2021-03-30,"simone",9.3125,NA
"614",2021-04-05,"raisin",16.875,NA
"615",2021-04-05,"simone",9.5625,NA
"616",2021-04-07,"raisin",16.75,NA
"617",2021-04-07,"simone",9.4375,NA
"618",2021-04-09,"raisin",16.9375,NA
"619",2021-04-09,"simone",9.625,NA
"620",2021-04-12,"raisin",17.3125,NA
"621",2021-04-12,"simone",9.5625,NA
"622",2021-04-14,"raisin",16.9375,NA
"623",2021-04-14,"simone",9.4375,NA
"624",2021-04-16,"raisin",16.9375,NA
"625",2021-04-16,"simone",9.375,NA
"626",2021-04-17,"raisin",16.75,NA
"627",2021-04-17,"simone",9,NA
"628",2021-04-21,"raisin",16.6875,NA
"629",2021-04-21,"simone",9.25,NA
"630",2021-04-27,"raisin",16.75,NA
"631",2021-04-27,"simone",9.125,NA
"632",2021-04-29,"raisin",16.75,NA
"633",2021-04-29,"simone",9,NA
"634",2021-05-04,"raisin",16.75,NA
"635",2021-05-04,"simone",8.8125,NA
"636",2021-05-07,"raisin",16.9375,NA
"637",2021-05-07,"simone",9,NA
"638",2021-05-12,"raisin",16.8125,NA
"639",2021-05-12,"simone",8.9375,NA
"640",2021-05-15,"raisin",17.25,NA
"641",2021-05-15,"simone",9.1875,NA
"642",2021-05-17,"raisin",17.0625,NA
"643",2021-05-17,"simone",9,NA
"644",2021-05-18,"raisin",16.9375,NA
"645",2021-05-18,"simone",9.125,NA
"646",2021-05-20,"raisin",16.8125,NA
"647",2021-05-20,"simone",9.25,NA
"648",2021-05-21,"raisin",16.8125,NA
"649",2021-05-21,"simone",8.875,NA
"650",2021-05-24,"raisin",16.9375,NA
"651",2021-05-24,"simone",9.375,NA
"652",2021-05-25,"raisin",16.875,NA
"653",2021-05-25,"simone",9.1875,NA
"654",2021-05-27,"raisin",16.75,NA
"655",2021-05-27,"simone",9.25,NA
"656",2021-05-31,"raisin",16.875,NA
"657",2021-05-31,"simone",9.125,NA
"658",2021-06-02,"raisin",17.125,NA
"659",2021-06-02,"simone",9.3125,NA
"660",2021-06-04,"raisin",17.5625,21.0375
"661",2021-06-04,"simone",9.4375,21.0375
"662",2021-06-06,"raisin",17,NA
"663",2021-06-06,"simone",9.5625,NA
"664",2021-06-07,"raisin",16.9375,NA
"665",2021-06-07,"simone",9.3125,NA
"666",2021-06-09,"raisin",17.125,NA
"667",2021-06-09,"simone",9.4375,NA
"668",2021-06-12,"raisin",17.125,NA
"669",2021-06-12,"simone",9.25,NA
"670",2021-06-14,"raisin",16.9375,NA
"671",2021-06-14,"simone",9.625,NA
"672",2021-06-16,"raisin",16.9375,NA
"673",2021-06-16,"simone",9.5,NA
"674",2021-06-19,"raisin",17.1875,NA
"675",2021-06-19,"simone",9.625,NA
"676",2021-06-21,"raisin",17.0625,NA
"677",2021-06-21,"simone",9.5625,NA
"678",2021-06-23,"raisin",17.125,NA
"679",2021-06-23,"simone",9.5625,NA
"680",2021-06-24,"raisin",17.0625,NA
"681",2021-06-24,"simone",9.5625,NA
"682",2021-06-26,"raisin",17.125,NA
"683",2021-06-26,"simone",9.6875,NA
"684",2021-07-22,"raisin",17.5,NA
"685",2021-07-22,"simone",9.5,NA
"686",2021-07-28,"raisin",17.1875,NA
"687",2021-07-28,"simone",9.625,NA
"688",2021-07-30,"raisin",17.25,NA
"689",2021-07-30,"simone",9.5,NA
"690",2021-08-04,"raisin",17.1875,NA
"691",2021-08-04,"simone",9.375,NA
"692",2021-08-08,"raisin",17.0625,NA
"693",2021-08-08,"simone",9.4375,NA
"694",2021-08-13,"raisin",17.0625,NA
"695",2021-08-13,"simone",9.375,NA
"696",2021-08-18,"raisin",16.9375,NA
"697",2021-08-18,"simone",9.5,NA
"698",2021-08-19,"raisin",16.75,NA
"699",2021-08-19,"simone",9.4375,NA
"700",2021-08-31,"raisin",17.9375,NA
"701",2021-08-31,"simone",9.4375,NA
"702",2021-09-03,"raisin",17.5,NA
"703",2021-09-03,"simone",9.25,NA
"704",2021-09-06,"raisin",17.6875,NA
"705",2021-09-06,"simone",9.375,NA
"706",2021-09-10,"raisin",17.4375,NA
"707",2021-09-10,"simone",9.25,NA
"708",2021-09-30,"raisin",17.4375,NA
"709",2021-09-30,"simone",8.875,NA
"710",2021-10-01,"raisin",17.3125,NA
"711",2021-10-01,"simone",9.0625,NA
"712",2021-10-08,"raisin",17.125,NA
"713",2021-10-08,"simone",8.8125,NA
"714",2021-10-11,"raisin",17.3125,NA
"715",2021-10-11,"simone",8.8125,NA
"716",2021-10-18,"raisin",17.1875,NA
"717",2021-10-18,"simone",8.4375,NA
"718",2021-10-21,"raisin",17.125,NA
"719",2021-10-21,"simone",8.5,NA
"720",2021-10-28,"raisin",17.25,NA
"721",2021-10-28,"simone",8.5,NA
"722",2021-11-01,"raisin",17.375,NA
"723",2021-11-01,"simone",8.375,NA
"724",2021-11-07,"raisin",17,NA
"725",2021-11-07,"simone",8.375,NA
"726",2021-11-12,"raisin",16.8125,NA
"727",2021-11-12,"simone",8.5,NA
"728",2021-11-16,"raisin",17.125,NA
"729",2021-11-16,"simone",8.25,NA
"730",2021-11-21,"raisin",16.8125,NA
"731",2021-11-21,"simone",8.25,NA
"732",2021-11-24,"raisin",16.75,NA
"733",2021-11-24,"simone",8.125,NA
"734",2021-12-01,"raisin",16.625,NA
"735",2021-12-01,"simone",8.125,NA
"736",2021-12-03,"raisin",16.5,NA
"737",2021-12-03,"simone",8.125,NA
"738",2021-12-10,"raisin",16.875,NA
"739",2021-12-10,"simone",8.1875,NA
"740",2021-12-13,"raisin",16.5,NA
"741",2021-12-13,"simone",8.25,NA
"742",2021-12-17,"raisin",16.5625,NA
"743",2021-12-17,"simone",7.875,NA
"744",2022-01-17,"raisin",17.5,NA
"745",2022-01-17,"simone",7.6875,NA
"746",2022-01-19,"raisin",17.375,NA
"747",2022-01-19,"simone",7.75,NA
"748",2022-01-21,"raisin",17.8125,NA
"749",2022-01-21,"simone",7.9375,NA
"750",2022-01-24,"raisin",17.625,NA
"751",2022-01-24,"simone",7.75,NA
"752",2022-01-26,"raisin",17.625,NA
"753",2022-01-26,"simone",8,NA
"754",2022-01-29,"raisin",17.5625,NA
"755",2022-01-29,"simone",7.75,NA
"756",2022-01-31,"raisin",17.5,NA
"757",2022-01-31,"simone",7.75,NA
"758",2022-02-03,"raisin",17.0625,NA
"759",2022-02-03,"simone",7.6875,NA
"760",2022-02-05,"raisin",17.1875,NA
"761",2022-02-05,"simone",7.75,NA
"762",2022-02-09,"raisin",17.4375,NA
"763",2022-02-09,"simone",8,NA
"764",2022-02-11,"raisin",17.3125,NA
"765",2022-02-11,"simone",8.0625,NA
"766",2022-02-21,"raisin",17.8125,NA
"767",2022-02-21,"simone",7.5,NA
"768",2022-02-23,"raisin",17.8125,NA
"769",2022-02-23,"simone",7.75,NA
"770",2022-02-26,"raisin",17.5,NA
"771",2022-02-26,"simone",7.875,NA
"772",2022-03-08,"raisin",18.1875,NA
"773",2022-03-08,"simone",7.625,NA
"774",2022-03-10,"raisin",17.8125,NA
"775",2022-03-10,"simone",7.75,NA
"776",2022-03-15,"raisin",17.5,NA
"777",2022-03-15,"simone",7.6875,NA
"778",2022-03-16,"raisin",17.3125,NA
"779",2022-03-16,"simone",7.75,NA
"780",2022-03-18,"raisin",17.3125,NA
"781",2022-03-18,"simone",7.625,NA
"782",2022-03-21,"raisin",17.375,NA
"783",2022-03-21,"simone",7.6875,NA
"784",2022-04-02,"raisin",17.9375,NA
"785",2022-04-02,"simone",7.9375,NA
"786",2022-04-04,"raisin",17.6875,NA
"787",2022-04-04,"simone",7.8125,NA
"788",2022-04-06,"raisin",17.6875,NA
"789",2022-04-06,"simone",7.75,NA
"790",2022-04-08,"raisin",17.6875,NA
"791",2022-04-08,"simone",7.375,NA
"792",2022-04-11,"raisin",17.3125,NA
"793",2022-04-11,"simone",7.5,NA
"794",2022-04-13,"raisin",17.4375,NA
"795",2022-04-13,"simone",8.0625,NA
"796",2022-04-16,"raisin",17.3125,NA
"797",2022-04-16,"simone",7.8125,NA
"798",2022-04-25,"raisin",17.625,20.009625
"799",2022-04-25,"simone",8.5,20.009625
"800",2022-04-27,"raisin",17.5,NA
"801",2022-04-27,"simone",8.0625,NA
"802",2022-04-29,"raisin",17.6875,NA
"803",2022-04-29,"simone",7.875,NA
"804",2022-05-04,"raisin",17.25,NA
"805",2022-05-04,"simone",7.625,NA
"806",2022-05-06,"raisin",17.4375,NA
"807",2022-05-06,"simone",7.5625,NA
"808",NA,"raisin",17.8125,NA
"809",NA,"simone",10.4375,NA
"810",NA,"gagne",10.5625,NA
